-- Limpiar datos previos
DELETE FROM usuarioroles;
DELETE FROM subvista;
DELETE FROM modulo;
DELETE FROM usuario;
DELETE FROM proyecto;
DELETE FROM gerencia;

-- 1. Insertar Gerencias iniciales
INSERT INTO gerencia (idgerencia, abreviacion, nombre, fccreacion, fcmodificacion, fceliminacion,blactivo) 
VALUES (1, 'TI', 'Tecnilogía de la Información', CURRENT_TIMESTAMP(), CURRENT_TIMESTAMP(), NULL,true);
INSERT INTO gerencia (idgerencia, abreviacion, nombre, fccreacion, fcmodificacion, fceliminacion,blactivo) 
VALUES (2, 'RRHH', 'Recursos Humanos', CURRENT_TIMESTAMP(), CURRENT_TIMESTAMP(), NULL,true);
INSERT INTO gerencia (idgerencia, abreviacion, nombre, fccreacion, fcmodificacion, fceliminacion,blactivo) 
VALUES (3, 'ADM', 'Administración y Finanzas', CURRENT_TIMESTAMP(), CURRENT_TIMESTAMP(), NULL,true);

-- Gerencias de Prueba Adicionales (100)
INSERT INTO gerencia (idgerencia, abreviacion, nombre, fccreacion, fcmodificacion, fceliminacion, blactivo) VALUES (4, 'GER4', 'Gerencia de Operaciones 4', CURRENT_TIMESTAMP(), CURRENT_TIMESTAMP(), NULL, true);
INSERT INTO gerencia (idgerencia, abreviacion, nombre, fccreacion, fcmodificacion, fceliminacion, blactivo) VALUES (5, 'GER5', 'Gerencia de Operaciones 5', CURRENT_TIMESTAMP(), CURRENT_TIMESTAMP(), NULL, true);
INSERT INTO gerencia (idgerencia, abreviacion, nombre, fccreacion, fcmodificacion, fceliminacion, blactivo) VALUES (6, 'GER6', 'Gerencia de Operaciones 6', CURRENT_TIMESTAMP(), CURRENT_TIMESTAMP(), NULL, true);
INSERT INTO gerencia (idgerencia, abreviacion, nombre, fccreacion, fcmodificacion, fceliminacion, blactivo) VALUES (7, 'GER7', 'Gerencia de Operaciones 7', CURRENT_TIMESTAMP(), CURRENT_TIMESTAMP(), NULL, true);
INSERT INTO gerencia (idgerencia, abreviacion, nombre, fccreacion, fcmodificacion, fceliminacion, blactivo) VALUES (8, 'GER8', 'Gerencia de Operaciones 8', CURRENT_TIMESTAMP(), CURRENT_TIMESTAMP(), NULL, true);
INSERT INTO gerencia (idgerencia, abreviacion, nombre, fccreacion, fcmodificacion, fceliminacion, blactivo) VALUES (9, 'GER9', 'Gerencia de Operaciones 9', CURRENT_TIMESTAMP(), CURRENT_TIMESTAMP(), NULL, true);
INSERT INTO gerencia (idgerencia, abreviacion, nombre, fccreacion, fcmodificacion, fceliminacion, blactivo) VALUES (10, 'GER10', 'Gerencia de Operaciones 10', CURRENT_TIMESTAMP(), CURRENT_TIMESTAMP(), NULL, true);
INSERT INTO gerencia (idgerencia, abreviacion, nombre, fccreacion, fcmodificacion, fceliminacion, blactivo) VALUES (11, 'GER11', 'Gerencia de Operaciones 11', CURRENT_TIMESTAMP(), CURRENT_TIMESTAMP(), NULL, true);
INSERT INTO gerencia (idgerencia, abreviacion, nombre, fccreacion, fcmodificacion, fceliminacion, blactivo) VALUES (12, 'GER12', 'Gerencia de Operaciones 12', CURRENT_TIMESTAMP(), CURRENT_TIMESTAMP(), NULL, true);
INSERT INTO gerencia (idgerencia, abreviacion, nombre, fccreacion, fcmodificacion, fceliminacion, blactivo) VALUES (13, 'GER13', 'Gerencia de Operaciones 13', CURRENT_TIMESTAMP(), CURRENT_TIMESTAMP(), NULL, true);
INSERT INTO gerencia (idgerencia, abreviacion, nombre, fccreacion, fcmodificacion, fceliminacion, blactivo) VALUES (14, 'GER14', 'Gerencia de Operaciones 14', CURRENT_TIMESTAMP(), CURRENT_TIMESTAMP(), NULL, true);
INSERT INTO gerencia (idgerencia, abreviacion, nombre, fccreacion, fcmodificacion, fceliminacion, blactivo) VALUES (15, 'GER15', 'Gerencia de Operaciones 15', CURRENT_TIMESTAMP(), CURRENT_TIMESTAMP(), NULL, true);
INSERT INTO gerencia (idgerencia, abreviacion, nombre, fccreacion, fcmodificacion, fceliminacion, blactivo) VALUES (16, 'GER16', 'Gerencia de Operaciones 16', CURRENT_TIMESTAMP(), CURRENT_TIMESTAMP(), NULL, true);
INSERT INTO gerencia (idgerencia, abreviacion, nombre, fccreacion, fcmodificacion, fceliminacion, blactivo) VALUES (17, 'GER17', 'Gerencia de Operaciones 17', CURRENT_TIMESTAMP(), CURRENT_TIMESTAMP(), NULL, true);
INSERT INTO gerencia (idgerencia, abreviacion, nombre, fccreacion, fcmodificacion, fceliminacion, blactivo) VALUES (18, 'GER18', 'Gerencia de Operaciones 18', CURRENT_TIMESTAMP(), CURRENT_TIMESTAMP(), NULL, true);
INSERT INTO gerencia (idgerencia, abreviacion, nombre, fccreacion, fcmodificacion, fceliminacion, blactivo) VALUES (19, 'GER19', 'Gerencia de Operaciones 19', CURRENT_TIMESTAMP(), CURRENT_TIMESTAMP(), NULL, true);
INSERT INTO gerencia (idgerencia, abreviacion, nombre, fccreacion, fcmodificacion, fceliminacion, blactivo) VALUES (20, 'GER20', 'Gerencia de Operaciones 20', CURRENT_TIMESTAMP(), CURRENT_TIMESTAMP(), NULL, true);
INSERT INTO gerencia (idgerencia, abreviacion, nombre, fccreacion, fcmodificacion, fceliminacion, blactivo) VALUES (21, 'GER21', 'Gerencia de Operaciones 21', CURRENT_TIMESTAMP(), CURRENT_TIMESTAMP(), NULL, true);
INSERT INTO gerencia (idgerencia, abreviacion, nombre, fccreacion, fcmodificacion, fceliminacion, blactivo) VALUES (22, 'GER22', 'Gerencia de Operaciones 22', CURRENT_TIMESTAMP(), CURRENT_TIMESTAMP(), NULL, true);
INSERT INTO gerencia (idgerencia, abreviacion, nombre, fccreacion, fcmodificacion, fceliminacion, blactivo) VALUES (23, 'GER23', 'Gerencia de Operaciones 23', CURRENT_TIMESTAMP(), CURRENT_TIMESTAMP(), NULL, true);
INSERT INTO gerencia (idgerencia, abreviacion, nombre, fccreacion, fcmodificacion, fceliminacion, blactivo) VALUES (24, 'GER24', 'Gerencia de Operaciones 24', CURRENT_TIMESTAMP(), CURRENT_TIMESTAMP(), NULL, true);
INSERT INTO gerencia (idgerencia, abreviacion, nombre, fccreacion, fcmodificacion, fceliminacion, blactivo) VALUES (25, 'GER25', 'Gerencia de Operaciones 25', CURRENT_TIMESTAMP(), CURRENT_TIMESTAMP(), NULL, true);
INSERT INTO gerencia (idgerencia, abreviacion, nombre, fccreacion, fcmodificacion, fceliminacion, blactivo) VALUES (26, 'GER26', 'Gerencia de Operaciones 26', CURRENT_TIMESTAMP(), CURRENT_TIMESTAMP(), NULL, true);
INSERT INTO gerencia (idgerencia, abreviacion, nombre, fccreacion, fcmodificacion, fceliminacion, blactivo) VALUES (27, 'GER27', 'Gerencia de Operaciones 27', CURRENT_TIMESTAMP(), CURRENT_TIMESTAMP(), NULL, true);
INSERT INTO gerencia (idgerencia, abreviacion, nombre, fccreacion, fcmodificacion, fceliminacion, blactivo) VALUES (28, 'GER28', 'Gerencia de Operaciones 28', CURRENT_TIMESTAMP(), CURRENT_TIMESTAMP(), NULL, true);
INSERT INTO gerencia (idgerencia, abreviacion, nombre, fccreacion, fcmodificacion, fceliminacion, blactivo) VALUES (29, 'GER29', 'Gerencia de Operaciones 29', CURRENT_TIMESTAMP(), CURRENT_TIMESTAMP(), NULL, true);
INSERT INTO gerencia (idgerencia, abreviacion, nombre, fccreacion, fcmodificacion, fceliminacion, blactivo) VALUES (30, 'GER30', 'Gerencia de Operaciones 30', CURRENT_TIMESTAMP(), CURRENT_TIMESTAMP(), NULL, true);
INSERT INTO gerencia (idgerencia, abreviacion, nombre, fccreacion, fcmodificacion, fceliminacion, blactivo) VALUES (31, 'GER31', 'Gerencia de Operaciones 31', CURRENT_TIMESTAMP(), CURRENT_TIMESTAMP(), NULL, true);
INSERT INTO gerencia (idgerencia, abreviacion, nombre, fccreacion, fcmodificacion, fceliminacion, blactivo) VALUES (32, 'GER32', 'Gerencia de Operaciones 32', CURRENT_TIMESTAMP(), CURRENT_TIMESTAMP(), NULL, true);
INSERT INTO gerencia (idgerencia, abreviacion, nombre, fccreacion, fcmodificacion, fceliminacion, blactivo) VALUES (33, 'GER33', 'Gerencia de Operaciones 33', CURRENT_TIMESTAMP(), CURRENT_TIMESTAMP(), NULL, true);
INSERT INTO gerencia (idgerencia, abreviacion, nombre, fccreacion, fcmodificacion, fceliminacion, blactivo) VALUES (34, 'GER34', 'Gerencia de Operaciones 34', CURRENT_TIMESTAMP(), CURRENT_TIMESTAMP(), NULL, true);
INSERT INTO gerencia (idgerencia, abreviacion, nombre, fccreacion, fcmodificacion, fceliminacion, blactivo) VALUES (35, 'GER35', 'Gerencia de Operaciones 35', CURRENT_TIMESTAMP(), CURRENT_TIMESTAMP(), NULL, true);
INSERT INTO gerencia (idgerencia, abreviacion, nombre, fccreacion, fcmodificacion, fceliminacion, blactivo) VALUES (36, 'GER36', 'Gerencia de Operaciones 36', CURRENT_TIMESTAMP(), CURRENT_TIMESTAMP(), NULL, true);
INSERT INTO gerencia (idgerencia, abreviacion, nombre, fccreacion, fcmodificacion, fceliminacion, blactivo) VALUES (37, 'GER37', 'Gerencia de Operaciones 37', CURRENT_TIMESTAMP(), CURRENT_TIMESTAMP(), NULL, true);
INSERT INTO gerencia (idgerencia, abreviacion, nombre, fccreacion, fcmodificacion, fceliminacion, blactivo) VALUES (38, 'GER38', 'Gerencia de Operaciones 38', CURRENT_TIMESTAMP(), CURRENT_TIMESTAMP(), NULL, true);
INSERT INTO gerencia (idgerencia, abreviacion, nombre, fccreacion, fcmodificacion, fceliminacion, blactivo) VALUES (39, 'GER39', 'Gerencia de Operaciones 39', CURRENT_TIMESTAMP(), CURRENT_TIMESTAMP(), NULL, true);
INSERT INTO gerencia (idgerencia, abreviacion, nombre, fccreacion, fcmodificacion, fceliminacion, blactivo) VALUES (40, 'GER40', 'Gerencia de Operaciones 40', CURRENT_TIMESTAMP(), CURRENT_TIMESTAMP(), NULL, true);
INSERT INTO gerencia (idgerencia, abreviacion, nombre, fccreacion, fcmodificacion, fceliminacion, blactivo) VALUES (41, 'GER41', 'Gerencia de Operaciones 41', CURRENT_TIMESTAMP(), CURRENT_TIMESTAMP(), NULL, true);
INSERT INTO gerencia (idgerencia, abreviacion, nombre, fccreacion, fcmodificacion, fceliminacion, blactivo) VALUES (42, 'GER42', 'Gerencia de Operaciones 42', CURRENT_TIMESTAMP(), CURRENT_TIMESTAMP(), NULL, true);
INSERT INTO gerencia (idgerencia, abreviacion, nombre, fccreacion, fcmodificacion, fceliminacion, blactivo) VALUES (43, 'GER43', 'Gerencia de Operaciones 43', CURRENT_TIMESTAMP(), CURRENT_TIMESTAMP(), NULL, true);
INSERT INTO gerencia (idgerencia, abreviacion, nombre, fccreacion, fcmodificacion, fceliminacion, blactivo) VALUES (44, 'GER44', 'Gerencia de Operaciones 44', CURRENT_TIMESTAMP(), CURRENT_TIMESTAMP(), NULL, true);
INSERT INTO gerencia (idgerencia, abreviacion, nombre, fccreacion, fcmodificacion, fceliminacion, blactivo) VALUES (45, 'GER45', 'Gerencia de Operaciones 45', CURRENT_TIMESTAMP(), CURRENT_TIMESTAMP(), NULL, true);
INSERT INTO gerencia (idgerencia, abreviacion, nombre, fccreacion, fcmodificacion, fceliminacion, blactivo) VALUES (46, 'GER46', 'Gerencia de Operaciones 46', CURRENT_TIMESTAMP(), CURRENT_TIMESTAMP(), NULL, true);
INSERT INTO gerencia (idgerencia, abreviacion, nombre, fccreacion, fcmodificacion, fceliminacion, blactivo) VALUES (47, 'GER47', 'Gerencia de Operaciones 47', CURRENT_TIMESTAMP(), CURRENT_TIMESTAMP(), NULL, true);
INSERT INTO gerencia (idgerencia, abreviacion, nombre, fccreacion, fcmodificacion, fceliminacion, blactivo) VALUES (48, 'GER48', 'Gerencia de Operaciones 48', CURRENT_TIMESTAMP(), CURRENT_TIMESTAMP(), NULL, true);
INSERT INTO gerencia (idgerencia, abreviacion, nombre, fccreacion, fcmodificacion, fceliminacion, blactivo) VALUES (49, 'GER49', 'Gerencia de Operaciones 49', CURRENT_TIMESTAMP(), CURRENT_TIMESTAMP(), NULL, true);
INSERT INTO gerencia (idgerencia, abreviacion, nombre, fccreacion, fcmodificacion, fceliminacion, blactivo) VALUES (50, 'GER50', 'Gerencia de Operaciones 50', CURRENT_TIMESTAMP(), CURRENT_TIMESTAMP(), NULL, true);
INSERT INTO gerencia (idgerencia, abreviacion, nombre, fccreacion, fcmodificacion, fceliminacion, blactivo) VALUES (51, 'GER51', 'Gerencia de Operaciones 51', CURRENT_TIMESTAMP(), CURRENT_TIMESTAMP(), NULL, true);
INSERT INTO gerencia (idgerencia, abreviacion, nombre, fccreacion, fcmodificacion, fceliminacion, blactivo) VALUES (52, 'GER52', 'Gerencia de Operaciones 52', CURRENT_TIMESTAMP(), CURRENT_TIMESTAMP(), NULL, true);
INSERT INTO gerencia (idgerencia, abreviacion, nombre, fccreacion, fcmodificacion, fceliminacion, blactivo) VALUES (53, 'GER53', 'Gerencia de Operaciones 53', CURRENT_TIMESTAMP(), CURRENT_TIMESTAMP(), NULL, true);
INSERT INTO gerencia (idgerencia, abreviacion, nombre, fccreacion, fcmodificacion, fceliminacion, blactivo) VALUES (54, 'GER54', 'Gerencia de Operaciones 54', CURRENT_TIMESTAMP(), CURRENT_TIMESTAMP(), NULL, true);
INSERT INTO gerencia (idgerencia, abreviacion, nombre, fccreacion, fcmodificacion, fceliminacion, blactivo) VALUES (55, 'GER55', 'Gerencia de Operaciones 55', CURRENT_TIMESTAMP(), CURRENT_TIMESTAMP(), NULL, true);
INSERT INTO gerencia (idgerencia, abreviacion, nombre, fccreacion, fcmodificacion, fceliminacion, blactivo) VALUES (56, 'GER56', 'Gerencia de Operaciones 56', CURRENT_TIMESTAMP(), CURRENT_TIMESTAMP(), NULL, true);
INSERT INTO gerencia (idgerencia, abreviacion, nombre, fccreacion, fcmodificacion, fceliminacion, blactivo) VALUES (57, 'GER57', 'Gerencia de Operaciones 57', CURRENT_TIMESTAMP(), CURRENT_TIMESTAMP(), NULL, true);
INSERT INTO gerencia (idgerencia, abreviacion, nombre, fccreacion, fcmodificacion, fceliminacion, blactivo) VALUES (58, 'GER58', 'Gerencia de Operaciones 58', CURRENT_TIMESTAMP(), CURRENT_TIMESTAMP(), NULL, true);
INSERT INTO gerencia (idgerencia, abreviacion, nombre, fccreacion, fcmodificacion, fceliminacion, blactivo) VALUES (59, 'GER59', 'Gerencia de Operaciones 59', CURRENT_TIMESTAMP(), CURRENT_TIMESTAMP(), NULL, true);
INSERT INTO gerencia (idgerencia, abreviacion, nombre, fccreacion, fcmodificacion, fceliminacion, blactivo) VALUES (60, 'GER60', 'Gerencia de Operaciones 60', CURRENT_TIMESTAMP(), CURRENT_TIMESTAMP(), NULL, true);
INSERT INTO gerencia (idgerencia, abreviacion, nombre, fccreacion, fcmodificacion, fceliminacion, blactivo) VALUES (61, 'GER61', 'Gerencia de Operaciones 61', CURRENT_TIMESTAMP(), CURRENT_TIMESTAMP(), NULL, true);
INSERT INTO gerencia (idgerencia, abreviacion, nombre, fccreacion, fcmodificacion, fceliminacion, blactivo) VALUES (62, 'GER62', 'Gerencia de Operaciones 62', CURRENT_TIMESTAMP(), CURRENT_TIMESTAMP(), NULL, true);
INSERT INTO gerencia (idgerencia, abreviacion, nombre, fccreacion, fcmodificacion, fceliminacion, blactivo) VALUES (63, 'GER63', 'Gerencia de Operaciones 63', CURRENT_TIMESTAMP(), CURRENT_TIMESTAMP(), NULL, true);
INSERT INTO gerencia (idgerencia, abreviacion, nombre, fccreacion, fcmodificacion, fceliminacion, blactivo) VALUES (64, 'GER64', 'Gerencia de Operaciones 64', CURRENT_TIMESTAMP(), CURRENT_TIMESTAMP(), NULL, true);
INSERT INTO gerencia (idgerencia, abreviacion, nombre, fccreacion, fcmodificacion, fceliminacion, blactivo) VALUES (65, 'GER65', 'Gerencia de Operaciones 65', CURRENT_TIMESTAMP(), CURRENT_TIMESTAMP(), NULL, true);
INSERT INTO gerencia (idgerencia, abreviacion, nombre, fccreacion, fcmodificacion, fceliminacion, blactivo) VALUES (66, 'GER66', 'Gerencia de Operaciones 66', CURRENT_TIMESTAMP(), CURRENT_TIMESTAMP(), NULL, true);
INSERT INTO gerencia (idgerencia, abreviacion, nombre, fccreacion, fcmodificacion, fceliminacion, blactivo) VALUES (67, 'GER67', 'Gerencia de Operaciones 67', CURRENT_TIMESTAMP(), CURRENT_TIMESTAMP(), NULL, true);
INSERT INTO gerencia (idgerencia, abreviacion, nombre, fccreacion, fcmodificacion, fceliminacion, blactivo) VALUES (68, 'GER68', 'Gerencia de Operaciones 68', CURRENT_TIMESTAMP(), CURRENT_TIMESTAMP(), NULL, true);
INSERT INTO gerencia (idgerencia, abreviacion, nombre, fccreacion, fcmodificacion, fceliminacion, blactivo) VALUES (69, 'GER69', 'Gerencia de Operaciones 69', CURRENT_TIMESTAMP(), CURRENT_TIMESTAMP(), NULL, true);
INSERT INTO gerencia (idgerencia, abreviacion, nombre, fccreacion, fcmodificacion, fceliminacion, blactivo) VALUES (70, 'GER70', 'Gerencia de Operaciones 70', CURRENT_TIMESTAMP(), CURRENT_TIMESTAMP(), NULL, true);
INSERT INTO gerencia (idgerencia, abreviacion, nombre, fccreacion, fcmodificacion, fceliminacion, blactivo) VALUES (71, 'GER71', 'Gerencia de Operaciones 71', CURRENT_TIMESTAMP(), CURRENT_TIMESTAMP(), NULL, true);
INSERT INTO gerencia (idgerencia, abreviacion, nombre, fccreacion, fcmodificacion, fceliminacion, blactivo) VALUES (72, 'GER72', 'Gerencia de Operaciones 72', CURRENT_TIMESTAMP(), CURRENT_TIMESTAMP(), NULL, true);
INSERT INTO gerencia (idgerencia, abreviacion, nombre, fccreacion, fcmodificacion, fceliminacion, blactivo) VALUES (73, 'GER73', 'Gerencia de Operaciones 73', CURRENT_TIMESTAMP(), CURRENT_TIMESTAMP(), NULL, true);
INSERT INTO gerencia (idgerencia, abreviacion, nombre, fccreacion, fcmodificacion, fceliminacion, blactivo) VALUES (74, 'GER74', 'Gerencia de Operaciones 74', CURRENT_TIMESTAMP(), CURRENT_TIMESTAMP(), NULL, true);
INSERT INTO gerencia (idgerencia, abreviacion, nombre, fccreacion, fcmodificacion, fceliminacion, blactivo) VALUES (75, 'GER75', 'Gerencia de Operaciones 75', CURRENT_TIMESTAMP(), CURRENT_TIMESTAMP(), NULL, true);
INSERT INTO gerencia (idgerencia, abreviacion, nombre, fccreacion, fcmodificacion, fceliminacion, blactivo) VALUES (76, 'GER76', 'Gerencia de Operaciones 76', CURRENT_TIMESTAMP(), CURRENT_TIMESTAMP(), NULL, true);
INSERT INTO gerencia (idgerencia, abreviacion, nombre, fccreacion, fcmodificacion, fceliminacion, blactivo) VALUES (77, 'GER77', 'Gerencia de Operaciones 77', CURRENT_TIMESTAMP(), CURRENT_TIMESTAMP(), NULL, true);
INSERT INTO gerencia (idgerencia, abreviacion, nombre, fccreacion, fcmodificacion, fceliminacion, blactivo) VALUES (78, 'GER78', 'Gerencia de Operaciones 78', CURRENT_TIMESTAMP(), CURRENT_TIMESTAMP(), NULL, true);
INSERT INTO gerencia (idgerencia, abreviacion, nombre, fccreacion, fcmodificacion, fceliminacion, blactivo) VALUES (79, 'GER79', 'Gerencia de Operaciones 79', CURRENT_TIMESTAMP(), CURRENT_TIMESTAMP(), NULL, true);
INSERT INTO gerencia (idgerencia, abreviacion, nombre, fccreacion, fcmodificacion, fceliminacion, blactivo) VALUES (80, 'GER80', 'Gerencia de Operaciones 80', CURRENT_TIMESTAMP(), CURRENT_TIMESTAMP(), NULL, true);
INSERT INTO gerencia (idgerencia, abreviacion, nombre, fccreacion, fcmodificacion, fceliminacion, blactivo) VALUES (81, 'GER81', 'Gerencia de Operaciones 81', CURRENT_TIMESTAMP(), CURRENT_TIMESTAMP(), NULL, true);
INSERT INTO gerencia (idgerencia, abreviacion, nombre, fccreacion, fcmodificacion, fceliminacion, blactivo) VALUES (82, 'GER82', 'Gerencia de Operaciones 82', CURRENT_TIMESTAMP(), CURRENT_TIMESTAMP(), NULL, true);
INSERT INTO gerencia (idgerencia, abreviacion, nombre, fccreacion, fcmodificacion, fceliminacion, blactivo) VALUES (83, 'GER83', 'Gerencia de Operaciones 83', CURRENT_TIMESTAMP(), CURRENT_TIMESTAMP(), NULL, true);
INSERT INTO gerencia (idgerencia, abreviacion, nombre, fccreacion, fcmodificacion, fceliminacion, blactivo) VALUES (84, 'GER84', 'Gerencia de Operaciones 84', CURRENT_TIMESTAMP(), CURRENT_TIMESTAMP(), NULL, true);
INSERT INTO gerencia (idgerencia, abreviacion, nombre, fccreacion, fcmodificacion, fceliminacion, blactivo) VALUES (85, 'GER85', 'Gerencia de Operaciones 85', CURRENT_TIMESTAMP(), CURRENT_TIMESTAMP(), NULL, true);
INSERT INTO gerencia (idgerencia, abreviacion, nombre, fccreacion, fcmodificacion, fceliminacion, blactivo) VALUES (86, 'GER86', 'Gerencia de Operaciones 86', CURRENT_TIMESTAMP(), CURRENT_TIMESTAMP(), NULL, true);
INSERT INTO gerencia (idgerencia, abreviacion, nombre, fccreacion, fcmodificacion, fceliminacion, blactivo) VALUES (87, 'GER87', 'Gerencia de Operaciones 87', CURRENT_TIMESTAMP(), CURRENT_TIMESTAMP(), NULL, true);
INSERT INTO gerencia (idgerencia, abreviacion, nombre, fccreacion, fcmodificacion, fceliminacion, blactivo) VALUES (88, 'GER88', 'Gerencia de Operaciones 88', CURRENT_TIMESTAMP(), CURRENT_TIMESTAMP(), NULL, true);
INSERT INTO gerencia (idgerencia, abreviacion, nombre, fccreacion, fcmodificacion, fceliminacion, blactivo) VALUES (89, 'GER89', 'Gerencia de Operaciones 89', CURRENT_TIMESTAMP(), CURRENT_TIMESTAMP(), NULL, true);
INSERT INTO gerencia (idgerencia, abreviacion, nombre, fccreacion, fcmodificacion, fceliminacion, blactivo) VALUES (90, 'GER90', 'Gerencia de Operaciones 90', CURRENT_TIMESTAMP(), CURRENT_TIMESTAMP(), NULL, true);
INSERT INTO gerencia (idgerencia, abreviacion, nombre, fccreacion, fcmodificacion, fceliminacion, blactivo) VALUES (91, 'GER91', 'Gerencia de Operaciones 91', CURRENT_TIMESTAMP(), CURRENT_TIMESTAMP(), NULL, true);
INSERT INTO gerencia (idgerencia, abreviacion, nombre, fccreacion, fcmodificacion, fceliminacion, blactivo) VALUES (92, 'GER92', 'Gerencia de Operaciones 92', CURRENT_TIMESTAMP(), CURRENT_TIMESTAMP(), NULL, true);
INSERT INTO gerencia (idgerencia, abreviacion, nombre, fccreacion, fcmodificacion, fceliminacion, blactivo) VALUES (93, 'GER93', 'Gerencia de Operaciones 93', CURRENT_TIMESTAMP(), CURRENT_TIMESTAMP(), NULL, true);
INSERT INTO gerencia (idgerencia, abreviacion, nombre, fccreacion, fcmodificacion, fceliminacion, blactivo) VALUES (94, 'GER94', 'Gerencia de Operaciones 94', CURRENT_TIMESTAMP(), CURRENT_TIMESTAMP(), NULL, true);
INSERT INTO gerencia (idgerencia, abreviacion, nombre, fccreacion, fcmodificacion, fceliminacion, blactivo) VALUES (95, 'GER95', 'Gerencia de Operaciones 95', CURRENT_TIMESTAMP(), CURRENT_TIMESTAMP(), NULL, true);
INSERT INTO gerencia (idgerencia, abreviacion, nombre, fccreacion, fcmodificacion, fceliminacion, blactivo) VALUES (96, 'GER96', 'Gerencia de Operaciones 96', CURRENT_TIMESTAMP(), CURRENT_TIMESTAMP(), NULL, true);
INSERT INTO gerencia (idgerencia, abreviacion, nombre, fccreacion, fcmodificacion, fceliminacion, blactivo) VALUES (97, 'GER97', 'Gerencia de Operaciones 97', CURRENT_TIMESTAMP(), CURRENT_TIMESTAMP(), NULL, true);
INSERT INTO gerencia (idgerencia, abreviacion, nombre, fccreacion, fcmodificacion, fceliminacion, blactivo) VALUES (98, 'GER98', 'Gerencia de Operaciones 98', CURRENT_TIMESTAMP(), CURRENT_TIMESTAMP(), NULL, true);
INSERT INTO gerencia (idgerencia, abreviacion, nombre, fccreacion, fcmodificacion, fceliminacion, blactivo) VALUES (99, 'GER99', 'Gerencia de Operaciones 99', CURRENT_TIMESTAMP(), CURRENT_TIMESTAMP(), NULL, true);
INSERT INTO gerencia (idgerencia, abreviacion, nombre, fccreacion, fcmodificacion, fceliminacion, blactivo) VALUES (100, 'GER100', 'Gerencia de Operaciones 100', CURRENT_TIMESTAMP(), CURRENT_TIMESTAMP(), NULL, true);
INSERT INTO gerencia (idgerencia, abreviacion, nombre, fccreacion, fcmodificacion, fceliminacion, blactivo) VALUES (101, 'GER101', 'Gerencia de Operaciones 101', CURRENT_TIMESTAMP(), CURRENT_TIMESTAMP(), NULL, true);
INSERT INTO gerencia (idgerencia, abreviacion, nombre, fccreacion, fcmodificacion, fceliminacion, blactivo) VALUES (102, 'GER102', 'Gerencia de Operaciones 102', CURRENT_TIMESTAMP(), CURRENT_TIMESTAMP(), NULL, true);
INSERT INTO gerencia (idgerencia, abreviacion, nombre, fccreacion, fcmodificacion, fceliminacion, blactivo) VALUES (103, 'GER103', 'Gerencia de Operaciones 103', CURRENT_TIMESTAMP(), CURRENT_TIMESTAMP(), NULL, true);

-- 2. Insertar MÓdulos iniciales
INSERT INTO modulo (idmodulo, nombre, icono, orden, fccreacion, fcmodificacion, fceliminacion) 
VALUES (1, 'Administración', 'settings', 10, CURRENT_TIMESTAMP(), CURRENT_TIMESTAMP(), NULL);
INSERT INTO modulo (idmodulo, nombre, icono, orden, fccreacion, fcmodificacion, fceliminacion) 
VALUES (2, 'Fondos a Rendir', 'payments', 1, CURRENT_TIMESTAMP(), CURRENT_TIMESTAMP(), NULL);
INSERT INTO modulo (idmodulo, nombre, icono, orden, fccreacion, fcmodificacion, fceliminacion) 
VALUES (3, 'Rendición de Gastos', 'receipt_long', 2, CURRENT_TIMESTAMP(), CURRENT_TIMESTAMP(), NULL);

-- 3. Subvistas para Administración (Accesos solicitados)
INSERT INTO subvista (idsubvista, nombre, ruta, permiso, idmodulo, blconfiguracion, fccreacion, fcmodificacion, fceliminacion) 
VALUES (1, 'Usuarios y Roles', '/admin/usuarios', 'ADMINISTRADOR', 1, true, CURRENT_TIMESTAMP(), CURRENT_TIMESTAMP(), NULL);
INSERT INTO subvista (idsubvista, nombre, ruta, permiso, idmodulo, blconfiguracion, fccreacion, fcmodificacion, fceliminacion) 
VALUES (2, 'Gerencias', '/admin/gerencias', 'ADMINISTRADOR', 1, true, CURRENT_TIMESTAMP(), CURRENT_TIMESTAMP(), NULL);
INSERT INTO subvista (idsubvista, nombre, ruta, permiso, idmodulo, blconfiguracion, fccreacion, fcmodificacion, fceliminacion) 
VALUES (5, 'Proyectos', '/admin/proyectos', 'ADMINISTRADOR', 1, true, CURRENT_TIMESTAMP(), CURRENT_TIMESTAMP(), NULL);


-- 4. Subvistas para otros mÓdulos
INSERT INTO subvista (idsubvista, nombre, ruta, permiso, idmodulo, blconfiguracion, fccreacion, fcmodificacion, fceliminacion) 
VALUES (3, 'Mis Solicitudes', '/fondos/mis-solicitudes', 'USR-SLC', 2, false, CURRENT_TIMESTAMP(), CURRENT_TIMESTAMP(), NULL);
INSERT INTO subvista (idsubvista, nombre, ruta, permiso, idmodulo, blconfiguracion, fccreacion, fcmodificacion, fceliminacion) 
VALUES (4, 'Nueva Rendición', '/rendiciones/nueva', 'USR-SLC', 3, false, CURRENT_TIMESTAMP(), CURRENT_TIMESTAMP(), NULL);

-- 5. Usuario Administrador Local Inicial (admin / admin123)
INSERT INTO usuario (idusuario, username, password, email, nombre, trigrama, origen, idgerencia, blactivo, fccreacion, fcmodificacion, fceliminacion) 
VALUES (1, 'admin', '$2a$10$Ubu3iog/bkvYCqfNsmJLKeV8Eq3jl90l5WP4fOGDTceyOovJVd62O', 'admin@institucional.edu', 'Administrador Local', 'ADM', 'LOCAL', 1, true, CURRENT_TIMESTAMP(), CURRENT_TIMESTAMP(), NULL);

-- Roles para admin
INSERT INTO usuarioroles (idusuario, rol) VALUES (1, 'ADMINISTRADOR');
INSERT INTO usuarioroles (idusuario, rol) VALUES (1, 'GERENTE');

-- 6. Proyectos de Prueba (200+)
INSERT INTO proyecto (idproyecto, identificador, nombre, idgerencia, blactivo, fccreacion, fcmodificacion, fceliminacion) VALUES (1, 'SC-K4O17Z', 'Transformación de Software 2024 #1', 35, true, CURRENT_TIMESTAMP(), CURRENT_TIMESTAMP(), NULL);
INSERT INTO proyecto (idproyecto, identificador, nombre, idgerencia, blactivo, fccreacion, fcmodificacion, fceliminacion) VALUES (2, 'SC-64X2V9', 'Soporte de Procesos Core #2', 50, false, CURRENT_TIMESTAMP(), CURRENT_TIMESTAMP(), NULL);
INSERT INTO proyecto (idproyecto, identificador, nombre, idgerencia, blactivo, fccreacion, fcmodificacion, fceliminacion) VALUES (3, 'SP-S540F', 'Renovación de UX Zenith #3', 45, true, CURRENT_TIMESTAMP(), CURRENT_TIMESTAMP(), NULL);
INSERT INTO proyecto (idproyecto, identificador, nombre, idgerencia, blactivo, fccreacion, fcmodificacion, fceliminacion) VALUES (4, 'SC-CG7WN0', 'Integración de UX Quantum #4', 28, true, CURRENT_TIMESTAMP(), CURRENT_TIMESTAMP(), NULL);
INSERT INTO proyecto (idproyecto, identificador, nombre, idgerencia, blactivo, fccreacion, fcmodificacion, fceliminacion) VALUES (5, 'SC-JNKON', 'Actualización de Base de Datos Plus #5', 32, true, CURRENT_TIMESTAMP(), CURRENT_TIMESTAMP(), NULL);
INSERT INTO proyecto (idproyecto, identificador, nombre, idgerencia, blactivo, fccreacion, fcmodificacion, fceliminacion) VALUES (6, 'SC-CTJS', 'Desarrollo de Sistemas I #6', 1, true, CURRENT_TIMESTAMP(), CURRENT_TIMESTAMP(), NULL);
INSERT INTO proyecto (idproyecto, identificador, nombre, idgerencia, blactivo, fccreacion, fcmodificacion, fceliminacion) VALUES (7, 'SC-HL8BO', 'Desarrollo de Web Plus #7', 81, true, CURRENT_TIMESTAMP(), CURRENT_TIMESTAMP(), NULL);
INSERT INTO proyecto (idproyecto, identificador, nombre, idgerencia, blactivo, fccreacion, fcmodificacion, fceliminacion) VALUES (8, 'SC-64RO58P', 'Consultoría de ERP I #8', 28, true, CURRENT_TIMESTAMP(), CURRENT_TIMESTAMP(), NULL);
INSERT INTO proyecto (idproyecto, identificador, nombre, idgerencia, blactivo, fccreacion, fcmodificacion, fceliminacion) VALUES (9, 'SP-XYSV', 'Integración de UX B #9', 4, false, CURRENT_TIMESTAMP(), CURRENT_TIMESTAMP(), NULL);
INSERT INTO proyecto (idproyecto, identificador, nombre, idgerencia, blactivo, fccreacion, fcmodificacion, fceliminacion) VALUES (10, 'SC-1JEPA9T', 'Investigación de IoT A #10', 91, true, CURRENT_TIMESTAMP(), CURRENT_TIMESTAMP(), NULL);
INSERT INTO proyecto (idproyecto, identificador, nombre, idgerencia, blactivo, fccreacion, fcmodificacion, fceliminacion) VALUES (11, 'SP-L0JLE', 'Actualización de Infraestructura C #11', 3, true, CURRENT_TIMESTAMP(), CURRENT_TIMESTAMP(), NULL);
INSERT INTO proyecto (idproyecto, identificador, nombre, idgerencia, blactivo, fccreacion, fcmodificacion, fceliminacion) VALUES (12, 'SP-8KNN', 'Renovación de SAP 2025 #12', 84, true, CURRENT_TIMESTAMP(), CURRENT_TIMESTAMP(), NULL);
INSERT INTO proyecto (idproyecto, identificador, nombre, idgerencia, blactivo, fccreacion, fcmodificacion, fceliminacion) VALUES (13, 'SC-K9T0', 'Investigación de ERP Quantum #13', 53, true, CURRENT_TIMESTAMP(), CURRENT_TIMESTAMP(), NULL);
INSERT INTO proyecto (idproyecto, identificador, nombre, idgerencia, blactivo, fccreacion, fcmodificacion, fceliminacion) VALUES (14, 'SC-GTEFE0', 'Actualización de Microservicios 2024 #14', 22, true, CURRENT_TIMESTAMP(), CURRENT_TIMESTAMP(), NULL);
INSERT INTO proyecto (idproyecto, identificador, nombre, idgerencia, blactivo, fccreacion, fcmodificacion, fceliminacion) VALUES (15, 'SC-5074R', 'Renovación de Ciberseguridad Zenith #15', 48, true, CURRENT_TIMESTAMP(), CURRENT_TIMESTAMP(), NULL);
INSERT INTO proyecto (idproyecto, identificador, nombre, idgerencia, blactivo, fccreacion, fcmodificacion, fceliminacion) VALUES (16, 'SC-3Q2Z', 'Soporte de Sistemas 2025 #16', 88, true, CURRENT_TIMESTAMP(), CURRENT_TIMESTAMP(), NULL);
INSERT INTO proyecto (idproyecto, identificador, nombre, idgerencia, blactivo, fccreacion, fcmodificacion, fceliminacion) VALUES (17, 'SP-CMPS', 'Consultoría de BI II #17', 10, true, CURRENT_TIMESTAMP(), CURRENT_TIMESTAMP(), NULL);
INSERT INTO proyecto (idproyecto, identificador, nombre, idgerencia, blactivo, fccreacion, fcmodificacion, fceliminacion) VALUES (18, 'SP-NJDU', 'Migración de Infraestructura I #18', 93, true, CURRENT_TIMESTAMP(), CURRENT_TIMESTAMP(), NULL);
INSERT INTO proyecto (idproyecto, identificador, nombre, idgerencia, blactivo, fccreacion, fcmodificacion, fceliminacion) VALUES (19, 'SC-6DQY', 'Integración de Microservicios 2024 #19', 67, true, CURRENT_TIMESTAMP(), CURRENT_TIMESTAMP(), NULL);
INSERT INTO proyecto (idproyecto, identificador, nombre, idgerencia, blactivo, fccreacion, fcmodificacion, fceliminacion) VALUES (20, 'SP-Z3BQ7J', 'Automatización de Ciberseguridad Zenith #20', 17, false, CURRENT_TIMESTAMP(), CURRENT_TIMESTAMP(), NULL);
INSERT INTO proyecto (idproyecto, identificador, nombre, idgerencia, blactivo, fccreacion, fcmodificacion, fceliminacion) VALUES (21, 'SP-5S9Q', 'Rediseño de SAP B #21', 65, true, CURRENT_TIMESTAMP(), CURRENT_TIMESTAMP(), NULL);
INSERT INTO proyecto (idproyecto, identificador, nombre, idgerencia, blactivo, fccreacion, fcmodificacion, fceliminacion) VALUES (22, 'SC-UKV908', 'Actualización de Blockchain 2025 #22', 72, true, CURRENT_TIMESTAMP(), CURRENT_TIMESTAMP(), NULL);
INSERT INTO proyecto (idproyecto, identificador, nombre, idgerencia, blactivo, fccreacion, fcmodificacion, fceliminacion) VALUES (23, 'SP-6N8WJBV', 'Consultoría de Software II #23', 89, true, CURRENT_TIMESTAMP(), CURRENT_TIMESTAMP(), NULL);
INSERT INTO proyecto (idproyecto, identificador, nombre, idgerencia, blactivo, fccreacion, fcmodificacion, fceliminacion) VALUES (24, 'SC-OA536R', 'Desarrollo de UX C #24', 46, true, CURRENT_TIMESTAMP(), CURRENT_TIMESTAMP(), NULL);
INSERT INTO proyecto (idproyecto, identificador, nombre, idgerencia, blactivo, fccreacion, fcmodificacion, fceliminacion) VALUES (25, 'SC-35WG', 'Capacitación de IA III #25', 102, true, CURRENT_TIMESTAMP(), CURRENT_TIMESTAMP(), NULL);
INSERT INTO proyecto (idproyecto, identificador, nombre, idgerencia, blactivo, fccreacion, fcmodificacion, fceliminacion) VALUES (26, 'SC-0LGQM', 'Integración de Ciberseguridad Core #26', 86, true, CURRENT_TIMESTAMP(), CURRENT_TIMESTAMP(), NULL);
INSERT INTO proyecto (idproyecto, identificador, nombre, idgerencia, blactivo, fccreacion, fcmodificacion, fceliminacion) VALUES (27, 'SP-FHIINK7', 'Optimización de Móvil Alpha #27', 99, true, CURRENT_TIMESTAMP(), CURRENT_TIMESTAMP(), NULL);
INSERT INTO proyecto (idproyecto, identificador, nombre, idgerencia, blactivo, fccreacion, fcmodificacion, fceliminacion) VALUES (28, 'SP-Y2DNPH', 'Investigación de IA A #28', 23, true, CURRENT_TIMESTAMP(), CURRENT_TIMESTAMP(), NULL);
INSERT INTO proyecto (idproyecto, identificador, nombre, idgerencia, blactivo, fccreacion, fcmodificacion, fceliminacion) VALUES (29, 'SP-P05QAS7', 'Consultoría de SAP Quantum #29', 69, true, CURRENT_TIMESTAMP(), CURRENT_TIMESTAMP(), NULL);
INSERT INTO proyecto (idproyecto, identificador, nombre, idgerencia, blactivo, fccreacion, fcmodificacion, fceliminacion) VALUES (30, 'SP-BVLJA', 'Migración de Redes A #30', 58, true, CURRENT_TIMESTAMP(), CURRENT_TIMESTAMP(), NULL);
INSERT INTO proyecto (idproyecto, identificador, nombre, idgerencia, blactivo, fccreacion, fcmodificacion, fceliminacion) VALUES (31, 'SC-19984', 'Optimización de ERP Alpha #31', 57, true, CURRENT_TIMESTAMP(), CURRENT_TIMESTAMP(), NULL);
INSERT INTO proyecto (idproyecto, identificador, nombre, idgerencia, blactivo, fccreacion, fcmodificacion, fceliminacion) VALUES (32, 'SC-71U43W', 'Integración de Ciberseguridad Quantum #32', 47, true, CURRENT_TIMESTAMP(), CURRENT_TIMESTAMP(), NULL);
INSERT INTO proyecto (idproyecto, identificador, nombre, idgerencia, blactivo, fccreacion, fcmodificacion, fceliminacion) VALUES (33, 'SP-47WLR4', 'Auditoría de ERP V2 #33', 85, false, CURRENT_TIMESTAMP(), CURRENT_TIMESTAMP(), NULL);
INSERT INTO proyecto (idproyecto, identificador, nombre, idgerencia, blactivo, fccreacion, fcmodificacion, fceliminacion) VALUES (34, 'SP-VPDSM', 'Transformación de Software B #34', 15, true, CURRENT_TIMESTAMP(), CURRENT_TIMESTAMP(), NULL);
INSERT INTO proyecto (idproyecto, identificador, nombre, idgerencia, blactivo, fccreacion, fcmodificacion, fceliminacion) VALUES (35, 'SP-PGT1D', 'Integración de Móvil C #35', 6, true, CURRENT_TIMESTAMP(), CURRENT_TIMESTAMP(), NULL);
INSERT INTO proyecto (idproyecto, identificador, nombre, idgerencia, blactivo, fccreacion, fcmodificacion, fceliminacion) VALUES (36, 'SC-ECTOTYO', 'Soporte de Infraestructura I #36', 51, true, CURRENT_TIMESTAMP(), CURRENT_TIMESTAMP(), NULL);
INSERT INTO proyecto (idproyecto, identificador, nombre, idgerencia, blactivo, fccreacion, fcmodificacion, fceliminacion) VALUES (37, 'SC-BOOBB1T', 'Rediseño de Procesos V2 #37', 10, true, CURRENT_TIMESTAMP(), CURRENT_TIMESTAMP(), NULL);
INSERT INTO proyecto (idproyecto, identificador, nombre, idgerencia, blactivo, fccreacion, fcmodificacion, fceliminacion) VALUES (38, 'SC-8P82', 'Investigación de API 2024 #38', 29, true, CURRENT_TIMESTAMP(), CURRENT_TIMESTAMP(), NULL);
INSERT INTO proyecto (idproyecto, identificador, nombre, idgerencia, blactivo, fccreacion, fcmodificacion, fceliminacion) VALUES (39, 'SC-A1DFQ9', 'Transformación de Software V2 #39', 62, true, CURRENT_TIMESTAMP(), CURRENT_TIMESTAMP(), NULL);
INSERT INTO proyecto (idproyecto, identificador, nombre, idgerencia, blactivo, fccreacion, fcmodificacion, fceliminacion) VALUES (40, 'SC-1TP1HW', 'Desarrollo de IA II #40', 98, false, CURRENT_TIMESTAMP(), CURRENT_TIMESTAMP(), NULL);
INSERT INTO proyecto (idproyecto, identificador, nombre, idgerencia, blactivo, fccreacion, fcmodificacion, fceliminacion) VALUES (41, 'SP-I2FKRT', 'Optimización de Cloud A #41', 76, true, CURRENT_TIMESTAMP(), CURRENT_TIMESTAMP(), NULL);
INSERT INTO proyecto (idproyecto, identificador, nombre, idgerencia, blactivo, fccreacion, fcmodificacion, fceliminacion) VALUES (42, 'SP-1FRU', 'Auditoría de Infraestructura A #42', 85, true, CURRENT_TIMESTAMP(), CURRENT_TIMESTAMP(), NULL);
INSERT INTO proyecto (idproyecto, identificador, nombre, idgerencia, blactivo, fccreacion, fcmodificacion, fceliminacion) VALUES (43, 'SC-1GXE', 'Auditoría de Microservicios 2025 #43', 73, true, CURRENT_TIMESTAMP(), CURRENT_TIMESTAMP(), NULL);
INSERT INTO proyecto (idproyecto, identificador, nombre, idgerencia, blactivo, fccreacion, fcmodificacion, fceliminacion) VALUES (44, 'SC-5E0P8', 'Implementación de UX Quantum #44', 28, true, CURRENT_TIMESTAMP(), CURRENT_TIMESTAMP(), NULL);
INSERT INTO proyecto (idproyecto, identificador, nombre, idgerencia, blactivo, fccreacion, fcmodificacion, fceliminacion) VALUES (45, 'SP-26VEG', 'Investigación de Datos I #45', 14, false, CURRENT_TIMESTAMP(), CURRENT_TIMESTAMP(), NULL);
INSERT INTO proyecto (idproyecto, identificador, nombre, idgerencia, blactivo, fccreacion, fcmodificacion, fceliminacion) VALUES (46, 'SC-0NK8', 'Automatización de Microservicios A #46', 5, true, CURRENT_TIMESTAMP(), CURRENT_TIMESTAMP(), NULL);
INSERT INTO proyecto (idproyecto, identificador, nombre, idgerencia, blactivo, fccreacion, fcmodificacion, fceliminacion) VALUES (47, 'SC-MJ7N99D', 'Auditoría de Móvil 2024 #47', 83, true, CURRENT_TIMESTAMP(), CURRENT_TIMESTAMP(), NULL);
INSERT INTO proyecto (idproyecto, identificador, nombre, idgerencia, blactivo, fccreacion, fcmodificacion, fceliminacion) VALUES (48, 'SP-VN1T', 'Integración de API Alpha #48', 9, true, CURRENT_TIMESTAMP(), CURRENT_TIMESTAMP(), NULL);
INSERT INTO proyecto (idproyecto, identificador, nombre, idgerencia, blactivo, fccreacion, fcmodificacion, fceliminacion) VALUES (49, 'SP-02T9G', 'Optimización de Microservicios III #49', 81, true, CURRENT_TIMESTAMP(), CURRENT_TIMESTAMP(), NULL);
INSERT INTO proyecto (idproyecto, identificador, nombre, idgerencia, blactivo, fccreacion, fcmodificacion, fceliminacion) VALUES (50, 'SP-ULZSO', 'Capacitación de IA Alpha #50', 87, true, CURRENT_TIMESTAMP(), CURRENT_TIMESTAMP(), NULL);
INSERT INTO proyecto (idproyecto, identificador, nombre, idgerencia, blactivo, fccreacion, fcmodificacion, fceliminacion) VALUES (51, 'SC-H439QSQ', 'Rediseño de Procesos V2 #51', 33, true, CURRENT_TIMESTAMP(), CURRENT_TIMESTAMP(), NULL);
INSERT INTO proyecto (idproyecto, identificador, nombre, idgerencia, blactivo, fccreacion, fcmodificacion, fceliminacion) VALUES (52, 'SC-ZC5PMV', 'Rediseño de Móvil I #52', 87, true, CURRENT_TIMESTAMP(), CURRENT_TIMESTAMP(), NULL);
INSERT INTO proyecto (idproyecto, identificador, nombre, idgerencia, blactivo, fccreacion, fcmodificacion, fceliminacion) VALUES (53, 'SP-RT8L0IW', 'Implementación de API 2024 #53', 57, true, CURRENT_TIMESTAMP(), CURRENT_TIMESTAMP(), NULL);
INSERT INTO proyecto (idproyecto, identificador, nombre, idgerencia, blactivo, fccreacion, fcmodificacion, fceliminacion) VALUES (54, 'SP-8704', 'Rediseño de IA III #54', 6, true, CURRENT_TIMESTAMP(), CURRENT_TIMESTAMP(), NULL);
INSERT INTO proyecto (idproyecto, identificador, nombre, idgerencia, blactivo, fccreacion, fcmodificacion, fceliminacion) VALUES (55, 'SP-JXA3', 'Soporte de Procesos Plus #55', 74, true, CURRENT_TIMESTAMP(), CURRENT_TIMESTAMP(), NULL);
INSERT INTO proyecto (idproyecto, identificador, nombre, idgerencia, blactivo, fccreacion, fcmodificacion, fceliminacion) VALUES (56, 'SP-5B1S0G', 'Desarrollo de Sistemas Core #56', 98, true, CURRENT_TIMESTAMP(), CURRENT_TIMESTAMP(), NULL);
INSERT INTO proyecto (idproyecto, identificador, nombre, idgerencia, blactivo, fccreacion, fcmodificacion, fceliminacion) VALUES (57, 'SP-T5EI', 'Optimización de SAP III #57', 46, false, CURRENT_TIMESTAMP(), CURRENT_TIMESTAMP(), NULL);
INSERT INTO proyecto (idproyecto, identificador, nombre, idgerencia, blactivo, fccreacion, fcmodificacion, fceliminacion) VALUES (58, 'SC-SCWP', 'Auditoría de UX Quantum #58', 38, true, CURRENT_TIMESTAMP(), CURRENT_TIMESTAMP(), NULL);
INSERT INTO proyecto (idproyecto, identificador, nombre, idgerencia, blactivo, fccreacion, fcmodificacion, fceliminacion) VALUES (59, 'SC-QS4G3KL', 'Integración de Web Quantum #59', 98, true, CURRENT_TIMESTAMP(), CURRENT_TIMESTAMP(), NULL);
INSERT INTO proyecto (idproyecto, identificador, nombre, idgerencia, blactivo, fccreacion, fcmodificacion, fceliminacion) VALUES (60, 'SC-CKI8RVW', 'Investigación de Procesos 2024 #60', 4, true, CURRENT_TIMESTAMP(), CURRENT_TIMESTAMP(), NULL);
INSERT INTO proyecto (idproyecto, identificador, nombre, idgerencia, blactivo, fccreacion, fcmodificacion, fceliminacion) VALUES (61, 'SP-V6EVIL', 'Renovación de UX II #61', 81, true, CURRENT_TIMESTAMP(), CURRENT_TIMESTAMP(), NULL);
INSERT INTO proyecto (idproyecto, identificador, nombre, idgerencia, blactivo, fccreacion, fcmodificacion, fceliminacion) VALUES (62, 'SC-5NK7ZC', 'Implementación de Cloud V2 #62', 99, true, CURRENT_TIMESTAMP(), CURRENT_TIMESTAMP(), NULL);
INSERT INTO proyecto (idproyecto, identificador, nombre, idgerencia, blactivo, fccreacion, fcmodificacion, fceliminacion) VALUES (63, 'SC-2JM25G', 'Consultoría de API B #63', 57, true, CURRENT_TIMESTAMP(), CURRENT_TIMESTAMP(), NULL);
INSERT INTO proyecto (idproyecto, identificador, nombre, idgerencia, blactivo, fccreacion, fcmodificacion, fceliminacion) VALUES (64, 'SP-3XKJ7S', 'Consultoría de Microservicios B #64', 80, false, CURRENT_TIMESTAMP(), CURRENT_TIMESTAMP(), NULL);
INSERT INTO proyecto (idproyecto, identificador, nombre, idgerencia, blactivo, fccreacion, fcmodificacion, fceliminacion) VALUES (65, 'SP-QVWW9', 'Rediseño de Web 2024 #65', 99, true, CURRENT_TIMESTAMP(), CURRENT_TIMESTAMP(), NULL);
INSERT INTO proyecto (idproyecto, identificador, nombre, idgerencia, blactivo, fccreacion, fcmodificacion, fceliminacion) VALUES (66, 'SP-J61O', 'Soporte de SAP C #66', 74, true, CURRENT_TIMESTAMP(), CURRENT_TIMESTAMP(), NULL);
INSERT INTO proyecto (idproyecto, identificador, nombre, idgerencia, blactivo, fccreacion, fcmodificacion, fceliminacion) VALUES (67, 'SP-GHVLL8', 'Automatización de SAP A #67', 66, true, CURRENT_TIMESTAMP(), CURRENT_TIMESTAMP(), NULL);
INSERT INTO proyecto (idproyecto, identificador, nombre, idgerencia, blactivo, fccreacion, fcmodificacion, fceliminacion) VALUES (68, 'SC-Y3M5Y', 'Auditoría de Web 2024 #68', 43, true, CURRENT_TIMESTAMP(), CURRENT_TIMESTAMP(), NULL);
INSERT INTO proyecto (idproyecto, identificador, nombre, idgerencia, blactivo, fccreacion, fcmodificacion, fceliminacion) VALUES (69, 'SP-A2PX645', 'Capacitación de Infraestructura 2025 #69', 92, true, CURRENT_TIMESTAMP(), CURRENT_TIMESTAMP(), NULL);
INSERT INTO proyecto (idproyecto, identificador, nombre, idgerencia, blactivo, fccreacion, fcmodificacion, fceliminacion) VALUES (70, 'SP-ESDKG', 'Investigación de Microservicios 2024 #70', 8, true, CURRENT_TIMESTAMP(), CURRENT_TIMESTAMP(), NULL);
INSERT INTO proyecto (idproyecto, identificador, nombre, idgerencia, blactivo, fccreacion, fcmodificacion, fceliminacion) VALUES (71, 'SC-9FW82D', 'Automatización de IA 2024 #71', 2, true, CURRENT_TIMESTAMP(), CURRENT_TIMESTAMP(), NULL);
INSERT INTO proyecto (idproyecto, identificador, nombre, idgerencia, blactivo, fccreacion, fcmodificacion, fceliminacion) VALUES (72, 'SP-Z3B3', 'Investigación de Móvil A #72', 38, true, CURRENT_TIMESTAMP(), CURRENT_TIMESTAMP(), NULL);
INSERT INTO proyecto (idproyecto, identificador, nombre, idgerencia, blactivo, fccreacion, fcmodificacion, fceliminacion) VALUES (73, 'SC-3E7I6H', 'Investigación de Blockchain B #73', 67, true, CURRENT_TIMESTAMP(), CURRENT_TIMESTAMP(), NULL);
INSERT INTO proyecto (idproyecto, identificador, nombre, idgerencia, blactivo, fccreacion, fcmodificacion, fceliminacion) VALUES (74, 'SP-LK8J', 'Investigación de Base de Datos III #74', 33, true, CURRENT_TIMESTAMP(), CURRENT_TIMESTAMP(), NULL);
INSERT INTO proyecto (idproyecto, identificador, nombre, idgerencia, blactivo, fccreacion, fcmodificacion, fceliminacion) VALUES (75, 'SC-6P3UY', 'Consultoría de Procesos Core #75', 20, true, CURRENT_TIMESTAMP(), CURRENT_TIMESTAMP(), NULL);
INSERT INTO proyecto (idproyecto, identificador, nombre, idgerencia, blactivo, fccreacion, fcmodificacion, fceliminacion) VALUES (76, 'SC-TJ1FS', 'Actualización de UX Core #76', 36, true, CURRENT_TIMESTAMP(), CURRENT_TIMESTAMP(), NULL);
INSERT INTO proyecto (idproyecto, identificador, nombre, idgerencia, blactivo, fccreacion, fcmodificacion, fceliminacion) VALUES (77, 'SC-TFNN', 'Integración de Blockchain Quantum #77', 31, true, CURRENT_TIMESTAMP(), CURRENT_TIMESTAMP(), NULL);
INSERT INTO proyecto (idproyecto, identificador, nombre, idgerencia, blactivo, fccreacion, fcmodificacion, fceliminacion) VALUES (78, 'SC-5HIA5F', 'Automatización de BI Zenith #78', 20, true, CURRENT_TIMESTAMP(), CURRENT_TIMESTAMP(), NULL);
INSERT INTO proyecto (idproyecto, identificador, nombre, idgerencia, blactivo, fccreacion, fcmodificacion, fceliminacion) VALUES (79, 'SC-HN74', 'Consultoría de ERP 2025 #79', 34, true, CURRENT_TIMESTAMP(), CURRENT_TIMESTAMP(), NULL);
INSERT INTO proyecto (idproyecto, identificador, nombre, idgerencia, blactivo, fccreacion, fcmodificacion, fceliminacion) VALUES (80, 'SC-BBMAMZ7', 'Auditoría de Infraestructura 2025 #80', 90, true, CURRENT_TIMESTAMP(), CURRENT_TIMESTAMP(), NULL);
INSERT INTO proyecto (idproyecto, identificador, nombre, idgerencia, blactivo, fccreacion, fcmodificacion, fceliminacion) VALUES (81, 'SC-HZ1VUF', 'Investigación de Procesos III #81', 77, true, CURRENT_TIMESTAMP(), CURRENT_TIMESTAMP(), NULL);
INSERT INTO proyecto (idproyecto, identificador, nombre, idgerencia, blactivo, fccreacion, fcmodificacion, fceliminacion) VALUES (82, 'SC-005QK', 'Capacitación de BI 2024 #82', 73, true, CURRENT_TIMESTAMP(), CURRENT_TIMESTAMP(), NULL);
INSERT INTO proyecto (idproyecto, identificador, nombre, idgerencia, blactivo, fccreacion, fcmodificacion, fceliminacion) VALUES (83, 'SP-91A1F', 'Consultoría de API Zenith #83', 35, true, CURRENT_TIMESTAMP(), CURRENT_TIMESTAMP(), NULL);
INSERT INTO proyecto (idproyecto, identificador, nombre, idgerencia, blactivo, fccreacion, fcmodificacion, fceliminacion) VALUES (84, 'SC-F2NL', 'Desarrollo de BI C #84', 85, true, CURRENT_TIMESTAMP(), CURRENT_TIMESTAMP(), NULL);
INSERT INTO proyecto (idproyecto, identificador, nombre, idgerencia, blactivo, fccreacion, fcmodificacion, fceliminacion) VALUES (85, 'SC-7PDT6A', 'Transformación de IA 2025 #85', 75, true, CURRENT_TIMESTAMP(), CURRENT_TIMESTAMP(), NULL);
INSERT INTO proyecto (idproyecto, identificador, nombre, idgerencia, blactivo, fccreacion, fcmodificacion, fceliminacion) VALUES (86, 'SC-TQ9Q8', 'Desarrollo de Procesos A #86', 91, true, CURRENT_TIMESTAMP(), CURRENT_TIMESTAMP(), NULL);
INSERT INTO proyecto (idproyecto, identificador, nombre, idgerencia, blactivo, fccreacion, fcmodificacion, fceliminacion) VALUES (87, 'SP-71SE', 'Capacitación de IoT 2024 #87', 81, false, CURRENT_TIMESTAMP(), CURRENT_TIMESTAMP(), NULL);
INSERT INTO proyecto (idproyecto, identificador, nombre, idgerencia, blactivo, fccreacion, fcmodificacion, fceliminacion) VALUES (88, 'SC-SUKWCOB', 'Automatización de Blockchain A #88', 16, true, CURRENT_TIMESTAMP(), CURRENT_TIMESTAMP(), NULL);
INSERT INTO proyecto (idproyecto, identificador, nombre, idgerencia, blactivo, fccreacion, fcmodificacion, fceliminacion) VALUES (89, 'SP-YPPB', 'Integración de Software B #89', 28, true, CURRENT_TIMESTAMP(), CURRENT_TIMESTAMP(), NULL);
INSERT INTO proyecto (idproyecto, identificador, nombre, idgerencia, blactivo, fccreacion, fcmodificacion, fceliminacion) VALUES (90, 'SP-3PBHWM', 'Consultoría de Sistemas III #90', 50, true, CURRENT_TIMESTAMP(), CURRENT_TIMESTAMP(), NULL);
INSERT INTO proyecto (idproyecto, identificador, nombre, idgerencia, blactivo, fccreacion, fcmodificacion, fceliminacion) VALUES (91, 'SC-OG9N8MP', 'Renovación de SAP V2 #91', 1, true, CURRENT_TIMESTAMP(), CURRENT_TIMESTAMP(), NULL);
INSERT INTO proyecto (idproyecto, identificador, nombre, idgerencia, blactivo, fccreacion, fcmodificacion, fceliminacion) VALUES (92, 'SP-BNUPJ', 'Capacitación de UX Zenith #92', 45, true, CURRENT_TIMESTAMP(), CURRENT_TIMESTAMP(), NULL);
INSERT INTO proyecto (idproyecto, identificador, nombre, idgerencia, blactivo, fccreacion, fcmodificacion, fceliminacion) VALUES (93, 'SP-UFOCI', 'Capacitación de Blockchain 2024 #93', 7, true, CURRENT_TIMESTAMP(), CURRENT_TIMESTAMP(), NULL);
INSERT INTO proyecto (idproyecto, identificador, nombre, idgerencia, blactivo, fccreacion, fcmodificacion, fceliminacion) VALUES (94, 'SP-N7XA5', 'Rediseño de Blockchain I #94', 98, true, CURRENT_TIMESTAMP(), CURRENT_TIMESTAMP(), NULL);
INSERT INTO proyecto (idproyecto, identificador, nombre, idgerencia, blactivo, fccreacion, fcmodificacion, fceliminacion) VALUES (95, 'SP-WN3XING', 'Auditoría de API 2025 #95', 75, true, CURRENT_TIMESTAMP(), CURRENT_TIMESTAMP(), NULL);
INSERT INTO proyecto (idproyecto, identificador, nombre, idgerencia, blactivo, fccreacion, fcmodificacion, fceliminacion) VALUES (96, 'SP-WARV8MC', 'Auditoría de Móvil C #96', 93, true, CURRENT_TIMESTAMP(), CURRENT_TIMESTAMP(), NULL);
INSERT INTO proyecto (idproyecto, identificador, nombre, idgerencia, blactivo, fccreacion, fcmodificacion, fceliminacion) VALUES (97, 'SP-3TLO', 'Migración de Ciberseguridad Zenith #97', 53, true, CURRENT_TIMESTAMP(), CURRENT_TIMESTAMP(), NULL);
INSERT INTO proyecto (idproyecto, identificador, nombre, idgerencia, blactivo, fccreacion, fcmodificacion, fceliminacion) VALUES (98, 'SC-NO4AR', 'Actualización de IA V2 #98', 74, true, CURRENT_TIMESTAMP(), CURRENT_TIMESTAMP(), NULL);
INSERT INTO proyecto (idproyecto, identificador, nombre, idgerencia, blactivo, fccreacion, fcmodificacion, fceliminacion) VALUES (99, 'SC-7SKCGUR', 'Rediseño de IA 2024 #99', 7, true, CURRENT_TIMESTAMP(), CURRENT_TIMESTAMP(), NULL);
INSERT INTO proyecto (idproyecto, identificador, nombre, idgerencia, blactivo, fccreacion, fcmodificacion, fceliminacion) VALUES (100, 'SC-GCMRXD6', 'Soporte de Software II #100', 74, true, CURRENT_TIMESTAMP(), CURRENT_TIMESTAMP(), NULL);
INSERT INTO proyecto (idproyecto, identificador, nombre, idgerencia, blactivo, fccreacion, fcmodificacion, fceliminacion) VALUES (101, 'SC-V7FT', 'Capacitación de SAP Core #101', 22, true, CURRENT_TIMESTAMP(), CURRENT_TIMESTAMP(), NULL);
INSERT INTO proyecto (idproyecto, identificador, nombre, idgerencia, blactivo, fccreacion, fcmodificacion, fceliminacion) VALUES (102, 'SP-1ZMTNMK', 'Soporte de Datos Quantum #102', 31, true, CURRENT_TIMESTAMP(), CURRENT_TIMESTAMP(), NULL);
INSERT INTO proyecto (idproyecto, identificador, nombre, idgerencia, blactivo, fccreacion, fcmodificacion, fceliminacion) VALUES (103, 'SC-Z8796', 'Auditoría de Cloud Alpha #103', 89, true, CURRENT_TIMESTAMP(), CURRENT_TIMESTAMP(), NULL);
INSERT INTO proyecto (idproyecto, identificador, nombre, idgerencia, blactivo, fccreacion, fcmodificacion, fceliminacion) VALUES (104, 'SP-YSB7', 'Desarrollo de Blockchain II #104', 78, true, CURRENT_TIMESTAMP(), CURRENT_TIMESTAMP(), NULL);
INSERT INTO proyecto (idproyecto, identificador, nombre, idgerencia, blactivo, fccreacion, fcmodificacion, fceliminacion) VALUES (105, 'SC-UJD6Q6', 'Optimización de Infraestructura A #105', 1, true, CURRENT_TIMESTAMP(), CURRENT_TIMESTAMP(), NULL);
INSERT INTO proyecto (idproyecto, identificador, nombre, idgerencia, blactivo, fccreacion, fcmodificacion, fceliminacion) VALUES (106, 'SC-J7HNE', 'Investigación de API V2 #106', 36, true, CURRENT_TIMESTAMP(), CURRENT_TIMESTAMP(), NULL);
INSERT INTO proyecto (idproyecto, identificador, nombre, idgerencia, blactivo, fccreacion, fcmodificacion, fceliminacion) VALUES (107, 'SC-O0LH', 'Soporte de Datos Alpha #107', 50, false, CURRENT_TIMESTAMP(), CURRENT_TIMESTAMP(), NULL);
INSERT INTO proyecto (idproyecto, identificador, nombre, idgerencia, blactivo, fccreacion, fcmodificacion, fceliminacion) VALUES (108, 'SP-MODYWZ9', 'Integración de Base de Datos 2025 #108', 39, true, CURRENT_TIMESTAMP(), CURRENT_TIMESTAMP(), NULL);
INSERT INTO proyecto (idproyecto, identificador, nombre, idgerencia, blactivo, fccreacion, fcmodificacion, fceliminacion) VALUES (109, 'SP-O2IZXN', 'Capacitación de Web V2 #109', 61, true, CURRENT_TIMESTAMP(), CURRENT_TIMESTAMP(), NULL);
INSERT INTO proyecto (idproyecto, identificador, nombre, idgerencia, blactivo, fccreacion, fcmodificacion, fceliminacion) VALUES (110, 'SP-XLRKXV3', 'Capacitación de ERP Alpha #110', 59, true, CURRENT_TIMESTAMP(), CURRENT_TIMESTAMP(), NULL);
INSERT INTO proyecto (idproyecto, identificador, nombre, idgerencia, blactivo, fccreacion, fcmodificacion, fceliminacion) VALUES (111, 'SC-7ZSPNY3', 'Capacitación de Procesos A #111', 23, false, CURRENT_TIMESTAMP(), CURRENT_TIMESTAMP(), NULL);
INSERT INTO proyecto (idproyecto, identificador, nombre, idgerencia, blactivo, fccreacion, fcmodificacion, fceliminacion) VALUES (112, 'SC-G0ZEI', 'Actualización de Ciberseguridad 2024 #112', 13, true, CURRENT_TIMESTAMP(), CURRENT_TIMESTAMP(), NULL);
INSERT INTO proyecto (idproyecto, identificador, nombre, idgerencia, blactivo, fccreacion, fcmodificacion, fceliminacion) VALUES (113, 'SC-KI19OKD', 'Auditoría de BI Core #113', 37, true, CURRENT_TIMESTAMP(), CURRENT_TIMESTAMP(), NULL);
INSERT INTO proyecto (idproyecto, identificador, nombre, idgerencia, blactivo, fccreacion, fcmodificacion, fceliminacion) VALUES (114, 'SC-CM51', 'Transformación de Ciberseguridad A #114', 103, true, CURRENT_TIMESTAMP(), CURRENT_TIMESTAMP(), NULL);
INSERT INTO proyecto (idproyecto, identificador, nombre, idgerencia, blactivo, fccreacion, fcmodificacion, fceliminacion) VALUES (115, 'SC-1NLS011', 'Desarrollo de IA Plus #115', 3, true, CURRENT_TIMESTAMP(), CURRENT_TIMESTAMP(), NULL);
INSERT INTO proyecto (idproyecto, identificador, nombre, idgerencia, blactivo, fccreacion, fcmodificacion, fceliminacion) VALUES (116, 'SC-17FU0U', 'Investigación de Web A #116', 44, true, CURRENT_TIMESTAMP(), CURRENT_TIMESTAMP(), NULL);
INSERT INTO proyecto (idproyecto, identificador, nombre, idgerencia, blactivo, fccreacion, fcmodificacion, fceliminacion) VALUES (117, 'SP-VVW6', 'Renovación de Sistemas B #117', 58, true, CURRENT_TIMESTAMP(), CURRENT_TIMESTAMP(), NULL);
INSERT INTO proyecto (idproyecto, identificador, nombre, idgerencia, blactivo, fccreacion, fcmodificacion, fceliminacion) VALUES (118, 'SC-IYECZD', 'Actualización de Procesos Plus #118', 38, true, CURRENT_TIMESTAMP(), CURRENT_TIMESTAMP(), NULL);
INSERT INTO proyecto (idproyecto, identificador, nombre, idgerencia, blactivo, fccreacion, fcmodificacion, fceliminacion) VALUES (119, 'SC-7RAFCL4', 'Consultoría de Sistemas 2024 #119', 40, true, CURRENT_TIMESTAMP(), CURRENT_TIMESTAMP(), NULL);
INSERT INTO proyecto (idproyecto, identificador, nombre, idgerencia, blactivo, fccreacion, fcmodificacion, fceliminacion) VALUES (120, 'SC-LQ146MS', 'Capacitación de IA II #120', 75, false, CURRENT_TIMESTAMP(), CURRENT_TIMESTAMP(), NULL);
INSERT INTO proyecto (idproyecto, identificador, nombre, idgerencia, blactivo, fccreacion, fcmodificacion, fceliminacion) VALUES (121, 'SP-I869F8', 'Migración de Procesos II #121', 78, false, CURRENT_TIMESTAMP(), CURRENT_TIMESTAMP(), NULL);
INSERT INTO proyecto (idproyecto, identificador, nombre, idgerencia, blactivo, fccreacion, fcmodificacion, fceliminacion) VALUES (122, 'SP-792V', 'Investigación de SAP I #122', 20, true, CURRENT_TIMESTAMP(), CURRENT_TIMESTAMP(), NULL);
INSERT INTO proyecto (idproyecto, identificador, nombre, idgerencia, blactivo, fccreacion, fcmodificacion, fceliminacion) VALUES (123, 'SP-508N', 'Transformación de BI Quantum #123', 18, true, CURRENT_TIMESTAMP(), CURRENT_TIMESTAMP(), NULL);
INSERT INTO proyecto (idproyecto, identificador, nombre, idgerencia, blactivo, fccreacion, fcmodificacion, fceliminacion) VALUES (124, 'SC-S3PN', 'Automatización de Infraestructura Core #124', 3, true, CURRENT_TIMESTAMP(), CURRENT_TIMESTAMP(), NULL);
INSERT INTO proyecto (idproyecto, identificador, nombre, idgerencia, blactivo, fccreacion, fcmodificacion, fceliminacion) VALUES (125, 'SP-7L19B5', 'Transformación de Cloud 2024 #125', 89, false, CURRENT_TIMESTAMP(), CURRENT_TIMESTAMP(), NULL);
INSERT INTO proyecto (idproyecto, identificador, nombre, idgerencia, blactivo, fccreacion, fcmodificacion, fceliminacion) VALUES (126, 'SP-U2LBC', 'Transformación de IA V2 #126', 71, true, CURRENT_TIMESTAMP(), CURRENT_TIMESTAMP(), NULL);
INSERT INTO proyecto (idproyecto, identificador, nombre, idgerencia, blactivo, fccreacion, fcmodificacion, fceliminacion) VALUES (127, 'SP-NXVF', 'Soporte de ERP B #127', 72, true, CURRENT_TIMESTAMP(), CURRENT_TIMESTAMP(), NULL);
INSERT INTO proyecto (idproyecto, identificador, nombre, idgerencia, blactivo, fccreacion, fcmodificacion, fceliminacion) VALUES (128, 'SC-L61Z', 'Migración de Redes Plus #128', 39, true, CURRENT_TIMESTAMP(), CURRENT_TIMESTAMP(), NULL);
INSERT INTO proyecto (idproyecto, identificador, nombre, idgerencia, blactivo, fccreacion, fcmodificacion, fceliminacion) VALUES (129, 'SP-20EL', 'Rediseño de IA A #129', 10, true, CURRENT_TIMESTAMP(), CURRENT_TIMESTAMP(), NULL);
INSERT INTO proyecto (idproyecto, identificador, nombre, idgerencia, blactivo, fccreacion, fcmodificacion, fceliminacion) VALUES (130, 'SC-DR5E', 'Capacitación de API III #130', 10, true, CURRENT_TIMESTAMP(), CURRENT_TIMESTAMP(), NULL);
INSERT INTO proyecto (idproyecto, identificador, nombre, idgerencia, blactivo, fccreacion, fcmodificacion, fceliminacion) VALUES (131, 'SP-TX00IWK', 'Capacitación de Microservicios B #131', 46, true, CURRENT_TIMESTAMP(), CURRENT_TIMESTAMP(), NULL);
INSERT INTO proyecto (idproyecto, identificador, nombre, idgerencia, blactivo, fccreacion, fcmodificacion, fceliminacion) VALUES (132, 'SP-4DOM5V', 'Implementación de API I #132', 22, true, CURRENT_TIMESTAMP(), CURRENT_TIMESTAMP(), NULL);
INSERT INTO proyecto (idproyecto, identificador, nombre, idgerencia, blactivo, fccreacion, fcmodificacion, fceliminacion) VALUES (133, 'SC-D6QF', 'Automatización de Blockchain Plus #133', 15, true, CURRENT_TIMESTAMP(), CURRENT_TIMESTAMP(), NULL);
INSERT INTO proyecto (idproyecto, identificador, nombre, idgerencia, blactivo, fccreacion, fcmodificacion, fceliminacion) VALUES (134, 'SP-97YSI', 'Integración de IA Zenith #134', 14, true, CURRENT_TIMESTAMP(), CURRENT_TIMESTAMP(), NULL);
INSERT INTO proyecto (idproyecto, identificador, nombre, idgerencia, blactivo, fccreacion, fcmodificacion, fceliminacion) VALUES (135, 'SC-1LFPLL', 'Implementación de IA V2 #135', 99, true, CURRENT_TIMESTAMP(), CURRENT_TIMESTAMP(), NULL);
INSERT INTO proyecto (idproyecto, identificador, nombre, idgerencia, blactivo, fccreacion, fcmodificacion, fceliminacion) VALUES (136, 'SC-PA45R', 'Auditoría de Software Quantum #136', 69, true, CURRENT_TIMESTAMP(), CURRENT_TIMESTAMP(), NULL);
INSERT INTO proyecto (idproyecto, identificador, nombre, idgerencia, blactivo, fccreacion, fcmodificacion, fceliminacion) VALUES (137, 'SP-L6QN8BA', 'Capacitación de IoT Core #137', 28, true, CURRENT_TIMESTAMP(), CURRENT_TIMESTAMP(), NULL);
INSERT INTO proyecto (idproyecto, identificador, nombre, idgerencia, blactivo, fccreacion, fcmodificacion, fceliminacion) VALUES (138, 'SC-YRZYN', 'Desarrollo de Infraestructura B #138', 25, true, CURRENT_TIMESTAMP(), CURRENT_TIMESTAMP(), NULL);
INSERT INTO proyecto (idproyecto, identificador, nombre, idgerencia, blactivo, fccreacion, fcmodificacion, fceliminacion) VALUES (139, 'SC-0FJ2', 'Consultoría de Ciberseguridad V2 #139', 20, false, CURRENT_TIMESTAMP(), CURRENT_TIMESTAMP(), NULL);
INSERT INTO proyecto (idproyecto, identificador, nombre, idgerencia, blactivo, fccreacion, fcmodificacion, fceliminacion) VALUES (140, 'SC-5052', 'Optimización de Sistemas Alpha #140', 37, true, CURRENT_TIMESTAMP(), CURRENT_TIMESTAMP(), NULL);
INSERT INTO proyecto (idproyecto, identificador, nombre, idgerencia, blactivo, fccreacion, fcmodificacion, fceliminacion) VALUES (141, 'SP-PAH15', 'Migración de ERP 2025 #141', 38, true, CURRENT_TIMESTAMP(), CURRENT_TIMESTAMP(), NULL);
INSERT INTO proyecto (idproyecto, identificador, nombre, idgerencia, blactivo, fccreacion, fcmodificacion, fceliminacion) VALUES (142, 'SC-K2Z3XT', 'Actualización de Software Quantum #142', 30, false, CURRENT_TIMESTAMP(), CURRENT_TIMESTAMP(), NULL);
INSERT INTO proyecto (idproyecto, identificador, nombre, idgerencia, blactivo, fccreacion, fcmodificacion, fceliminacion) VALUES (143, 'SP-FW9CMT', 'Soporte de Base de Datos I #143', 71, true, CURRENT_TIMESTAMP(), CURRENT_TIMESTAMP(), NULL);
INSERT INTO proyecto (idproyecto, identificador, nombre, idgerencia, blactivo, fccreacion, fcmodificacion, fceliminacion) VALUES (144, 'SC-TA0AHF', 'Integración de Sistemas 2024 #144', 60, true, CURRENT_TIMESTAMP(), CURRENT_TIMESTAMP(), NULL);
INSERT INTO proyecto (idproyecto, identificador, nombre, idgerencia, blactivo, fccreacion, fcmodificacion, fceliminacion) VALUES (145, 'SP-K7Z6V', 'Desarrollo de Infraestructura V2 #145', 53, true, CURRENT_TIMESTAMP(), CURRENT_TIMESTAMP(), NULL);
INSERT INTO proyecto (idproyecto, identificador, nombre, idgerencia, blactivo, fccreacion, fcmodificacion, fceliminacion) VALUES (146, 'SC-Y85NXML', 'Integración de SAP I #146', 7, true, CURRENT_TIMESTAMP(), CURRENT_TIMESTAMP(), NULL);
INSERT INTO proyecto (idproyecto, identificador, nombre, idgerencia, blactivo, fccreacion, fcmodificacion, fceliminacion) VALUES (147, 'SC-DEEZ', 'Optimización de SAP 2025 #147', 6, true, CURRENT_TIMESTAMP(), CURRENT_TIMESTAMP(), NULL);
INSERT INTO proyecto (idproyecto, identificador, nombre, idgerencia, blactivo, fccreacion, fcmodificacion, fceliminacion) VALUES (148, 'SC-K1E5', 'Optimización de Móvil Zenith #148', 54, true, CURRENT_TIMESTAMP(), CURRENT_TIMESTAMP(), NULL);
INSERT INTO proyecto (idproyecto, identificador, nombre, idgerencia, blactivo, fccreacion, fcmodificacion, fceliminacion) VALUES (149, 'SP-K4EB', 'Capacitación de IA V2 #149', 15, true, CURRENT_TIMESTAMP(), CURRENT_TIMESTAMP(), NULL);
INSERT INTO proyecto (idproyecto, identificador, nombre, idgerencia, blactivo, fccreacion, fcmodificacion, fceliminacion) VALUES (150, 'SP-6QAQ', 'Rediseño de UX A #150', 94, true, CURRENT_TIMESTAMP(), CURRENT_TIMESTAMP(), NULL);
INSERT INTO proyecto (idproyecto, identificador, nombre, idgerencia, blactivo, fccreacion, fcmodificacion, fceliminacion) VALUES (151, 'SC-MP3YCF', 'Implementación de ERP Zenith #151', 39, true, CURRENT_TIMESTAMP(), CURRENT_TIMESTAMP(), NULL);
INSERT INTO proyecto (idproyecto, identificador, nombre, idgerencia, blactivo, fccreacion, fcmodificacion, fceliminacion) VALUES (152, 'SP-A19LH', 'Soporte de UX I #152', 66, true, CURRENT_TIMESTAMP(), CURRENT_TIMESTAMP(), NULL);
INSERT INTO proyecto (idproyecto, identificador, nombre, idgerencia, blactivo, fccreacion, fcmodificacion, fceliminacion) VALUES (153, 'SC-3S4D59P', 'Desarrollo de UX Plus #153', 94, true, CURRENT_TIMESTAMP(), CURRENT_TIMESTAMP(), NULL);
INSERT INTO proyecto (idproyecto, identificador, nombre, idgerencia, blactivo, fccreacion, fcmodificacion, fceliminacion) VALUES (154, 'SC-450PN', 'Integración de IA A #154', 60, false, CURRENT_TIMESTAMP(), CURRENT_TIMESTAMP(), NULL);
INSERT INTO proyecto (idproyecto, identificador, nombre, idgerencia, blactivo, fccreacion, fcmodificacion, fceliminacion) VALUES (155, 'SC-YIZL1EW', 'Soporte de API 2024 #155', 98, true, CURRENT_TIMESTAMP(), CURRENT_TIMESTAMP(), NULL);
INSERT INTO proyecto (idproyecto, identificador, nombre, idgerencia, blactivo, fccreacion, fcmodificacion, fceliminacion) VALUES (156, 'SC-WNSIO84', 'Consultoría de Infraestructura Plus #156', 68, true, CURRENT_TIMESTAMP(), CURRENT_TIMESTAMP(), NULL);
INSERT INTO proyecto (idproyecto, identificador, nombre, idgerencia, blactivo, fccreacion, fcmodificacion, fceliminacion) VALUES (157, 'SC-8HHA8', 'Rediseño de UX Zenith #157', 74, true, CURRENT_TIMESTAMP(), CURRENT_TIMESTAMP(), NULL);
INSERT INTO proyecto (idproyecto, identificador, nombre, idgerencia, blactivo, fccreacion, fcmodificacion, fceliminacion) VALUES (158, 'SP-SOS80C6', 'Investigación de SAP Plus #158', 73, true, CURRENT_TIMESTAMP(), CURRENT_TIMESTAMP(), NULL);
INSERT INTO proyecto (idproyecto, identificador, nombre, idgerencia, blactivo, fccreacion, fcmodificacion, fceliminacion) VALUES (159, 'SC-88SWJ4W', 'Investigación de Base de Datos C #159', 76, true, CURRENT_TIMESTAMP(), CURRENT_TIMESTAMP(), NULL);
INSERT INTO proyecto (idproyecto, identificador, nombre, idgerencia, blactivo, fccreacion, fcmodificacion, fceliminacion) VALUES (160, 'SC-47L8H', 'Transformación de Microservicios II #160', 44, true, CURRENT_TIMESTAMP(), CURRENT_TIMESTAMP(), NULL);
INSERT INTO proyecto (idproyecto, identificador, nombre, idgerencia, blactivo, fccreacion, fcmodificacion, fceliminacion) VALUES (161, 'SP-2O42', 'Investigación de Infraestructura C #161', 57, true, CURRENT_TIMESTAMP(), CURRENT_TIMESTAMP(), NULL);
INSERT INTO proyecto (idproyecto, identificador, nombre, idgerencia, blactivo, fccreacion, fcmodificacion, fceliminacion) VALUES (162, 'SC-DWJTW', 'Transformación de Ciberseguridad Delta #162', 19, true, CURRENT_TIMESTAMP(), CURRENT_TIMESTAMP(), NULL);
INSERT INTO proyecto (idproyecto, identificador, nombre, idgerencia, blactivo, fccreacion, fcmodificacion, fceliminacion) VALUES (163, 'SP-9799', 'Consultoría de ERP Plus #163', 32, true, CURRENT_TIMESTAMP(), CURRENT_TIMESTAMP(), NULL);
INSERT INTO proyecto (idproyecto, identificador, nombre, idgerencia, blactivo, fccreacion, fcmodificacion, fceliminacion) VALUES (164, 'SP-4WKD5ES', 'Capacitación de Datos Delta #164', 24, true, CURRENT_TIMESTAMP(), CURRENT_TIMESTAMP(), NULL);
INSERT INTO proyecto (idproyecto, identificador, nombre, idgerencia, blactivo, fccreacion, fcmodificacion, fceliminacion) VALUES (165, 'SP-PIFPI', 'Actualización de Microservicios Plus #165', 25, true, CURRENT_TIMESTAMP(), CURRENT_TIMESTAMP(), NULL);
INSERT INTO proyecto (idproyecto, identificador, nombre, idgerencia, blactivo, fccreacion, fcmodificacion, fceliminacion) VALUES (166, 'SC-WBF80', 'Auditoría de Blockchain II #166', 37, true, CURRENT_TIMESTAMP(), CURRENT_TIMESTAMP(), NULL);
INSERT INTO proyecto (idproyecto, identificador, nombre, idgerencia, blactivo, fccreacion, fcmodificacion, fceliminacion) VALUES (167, 'SC-MWV9J', 'Actualización de API C #167', 100, true, CURRENT_TIMESTAMP(), CURRENT_TIMESTAMP(), NULL);
INSERT INTO proyecto (idproyecto, identificador, nombre, idgerencia, blactivo, fccreacion, fcmodificacion, fceliminacion) VALUES (168, 'SP-AXM0H', 'Optimización de Web C #168', 68, true, CURRENT_TIMESTAMP(), CURRENT_TIMESTAMP(), NULL);
INSERT INTO proyecto (idproyecto, identificador, nombre, idgerencia, blactivo, fccreacion, fcmodificacion, fceliminacion) VALUES (169, 'SC-RTF68D', 'Capacitación de Software III #169', 50, true, CURRENT_TIMESTAMP(), CURRENT_TIMESTAMP(), NULL);
INSERT INTO proyecto (idproyecto, identificador, nombre, idgerencia, blactivo, fccreacion, fcmodificacion, fceliminacion) VALUES (170, 'SC-BJDDIH', 'Integración de ERP A #170', 35, true, CURRENT_TIMESTAMP(), CURRENT_TIMESTAMP(), NULL);
INSERT INTO proyecto (idproyecto, identificador, nombre, idgerencia, blactivo, fccreacion, fcmodificacion, fceliminacion) VALUES (171, 'SP-I689L5Q', 'Implementación de BI III #171', 43, true, CURRENT_TIMESTAMP(), CURRENT_TIMESTAMP(), NULL);
INSERT INTO proyecto (idproyecto, identificador, nombre, idgerencia, blactivo, fccreacion, fcmodificacion, fceliminacion) VALUES (172, 'SP-7S9YIE2', 'Soporte de IA C #172', 94, true, CURRENT_TIMESTAMP(), CURRENT_TIMESTAMP(), NULL);
INSERT INTO proyecto (idproyecto, identificador, nombre, idgerencia, blactivo, fccreacion, fcmodificacion, fceliminacion) VALUES (173, 'SP-V9CLGIG', 'Renovación de Datos C #173', 71, true, CURRENT_TIMESTAMP(), CURRENT_TIMESTAMP(), NULL);
INSERT INTO proyecto (idproyecto, identificador, nombre, idgerencia, blactivo, fccreacion, fcmodificacion, fceliminacion) VALUES (174, 'SC-G3IHFT', 'Investigación de Móvil Delta #174', 97, true, CURRENT_TIMESTAMP(), CURRENT_TIMESTAMP(), NULL);
INSERT INTO proyecto (idproyecto, identificador, nombre, idgerencia, blactivo, fccreacion, fcmodificacion, fceliminacion) VALUES (175, 'SC-Y6OM', 'Migración de Infraestructura Plus #175', 7, false, CURRENT_TIMESTAMP(), CURRENT_TIMESTAMP(), NULL);
INSERT INTO proyecto (idproyecto, identificador, nombre, idgerencia, blactivo, fccreacion, fcmodificacion, fceliminacion) VALUES (176, 'SC-N5GZUO', 'Migración de API Zenith #176', 68, true, CURRENT_TIMESTAMP(), CURRENT_TIMESTAMP(), NULL);
INSERT INTO proyecto (idproyecto, identificador, nombre, idgerencia, blactivo, fccreacion, fcmodificacion, fceliminacion) VALUES (177, 'SP-AIA9O', 'Automatización de Redes A #177', 92, true, CURRENT_TIMESTAMP(), CURRENT_TIMESTAMP(), NULL);
INSERT INTO proyecto (idproyecto, identificador, nombre, idgerencia, blactivo, fccreacion, fcmodificacion, fceliminacion) VALUES (178, 'SC-OEMK', 'Optimización de Web Delta #178', 29, false, CURRENT_TIMESTAMP(), CURRENT_TIMESTAMP(), NULL);
INSERT INTO proyecto (idproyecto, identificador, nombre, idgerencia, blactivo, fccreacion, fcmodificacion, fceliminacion) VALUES (179, 'SP-W7FE6Y', 'Integración de Microservicios II #179', 12, true, CURRENT_TIMESTAMP(), CURRENT_TIMESTAMP(), NULL);
INSERT INTO proyecto (idproyecto, identificador, nombre, idgerencia, blactivo, fccreacion, fcmodificacion, fceliminacion) VALUES (180, 'SP-QMKWZLY', 'Soporte de UX 2025 #180', 15, true, CURRENT_TIMESTAMP(), CURRENT_TIMESTAMP(), NULL);
INSERT INTO proyecto (idproyecto, identificador, nombre, idgerencia, blactivo, fccreacion, fcmodificacion, fceliminacion) VALUES (181, 'SP-F03F', 'Implementación de API 2025 #181', 48, true, CURRENT_TIMESTAMP(), CURRENT_TIMESTAMP(), NULL);
INSERT INTO proyecto (idproyecto, identificador, nombre, idgerencia, blactivo, fccreacion, fcmodificacion, fceliminacion) VALUES (182, 'SC-U7U58AB', 'Soporte de SAP C #182', 67, false, CURRENT_TIMESTAMP(), CURRENT_TIMESTAMP(), NULL);
INSERT INTO proyecto (idproyecto, identificador, nombre, idgerencia, blactivo, fccreacion, fcmodificacion, fceliminacion) VALUES (183, 'SC-6GI08CV', 'Actualización de Software Plus #183', 19, true, CURRENT_TIMESTAMP(), CURRENT_TIMESTAMP(), NULL);
INSERT INTO proyecto (idproyecto, identificador, nombre, idgerencia, blactivo, fccreacion, fcmodificacion, fceliminacion) VALUES (184, 'SC-719KKC', 'Desarrollo de Sistemas V2 #184', 2, true, CURRENT_TIMESTAMP(), CURRENT_TIMESTAMP(), NULL);
INSERT INTO proyecto (idproyecto, identificador, nombre, idgerencia, blactivo, fccreacion, fcmodificacion, fceliminacion) VALUES (185, 'SP-XKW6H', 'Optimización de Sistemas V2 #185', 100, true, CURRENT_TIMESTAMP(), CURRENT_TIMESTAMP(), NULL);
INSERT INTO proyecto (idproyecto, identificador, nombre, idgerencia, blactivo, fccreacion, fcmodificacion, fceliminacion) VALUES (186, 'SP-5STU', 'Transformación de Procesos II #186', 83, true, CURRENT_TIMESTAMP(), CURRENT_TIMESTAMP(), NULL);
INSERT INTO proyecto (idproyecto, identificador, nombre, idgerencia, blactivo, fccreacion, fcmodificacion, fceliminacion) VALUES (187, 'SC-XM6N1E6', 'Rediseño de Infraestructura Zenith #187', 67, true, CURRENT_TIMESTAMP(), CURRENT_TIMESTAMP(), NULL);
INSERT INTO proyecto (idproyecto, identificador, nombre, idgerencia, blactivo, fccreacion, fcmodificacion, fceliminacion) VALUES (188, 'SP-CU4N', 'Implementación de Sistemas Delta #188', 85, true, CURRENT_TIMESTAMP(), CURRENT_TIMESTAMP(), NULL);
INSERT INTO proyecto (idproyecto, identificador, nombre, idgerencia, blactivo, fccreacion, fcmodificacion, fceliminacion) VALUES (189, 'SP-VS2M', 'Rediseño de Procesos Alpha #189', 66, true, CURRENT_TIMESTAMP(), CURRENT_TIMESTAMP(), NULL);
INSERT INTO proyecto (idproyecto, identificador, nombre, idgerencia, blactivo, fccreacion, fcmodificacion, fceliminacion) VALUES (190, 'SP-NI2J', 'Transformación de BI V2 #190', 38, true, CURRENT_TIMESTAMP(), CURRENT_TIMESTAMP(), NULL);
INSERT INTO proyecto (idproyecto, identificador, nombre, idgerencia, blactivo, fccreacion, fcmodificacion, fceliminacion) VALUES (191, 'SP-EDNHWX', 'Desarrollo de BI II #191', 35, true, CURRENT_TIMESTAMP(), CURRENT_TIMESTAMP(), NULL);
INSERT INTO proyecto (idproyecto, identificador, nombre, idgerencia, blactivo, fccreacion, fcmodificacion, fceliminacion) VALUES (192, 'SP-2WFGQ', 'Optimización de Web V2 #192', 55, true, CURRENT_TIMESTAMP(), CURRENT_TIMESTAMP(), NULL);
INSERT INTO proyecto (idproyecto, identificador, nombre, idgerencia, blactivo, fccreacion, fcmodificacion, fceliminacion) VALUES (193, 'SC-CHD5K', 'Rediseño de Blockchain C #193', 4, true, CURRENT_TIMESTAMP(), CURRENT_TIMESTAMP(), NULL);
INSERT INTO proyecto (idproyecto, identificador, nombre, idgerencia, blactivo, fccreacion, fcmodificacion, fceliminacion) VALUES (194, 'SC-HDGGZ3', 'Rediseño de IA B #194', 50, true, CURRENT_TIMESTAMP(), CURRENT_TIMESTAMP(), NULL);
INSERT INTO proyecto (idproyecto, identificador, nombre, idgerencia, blactivo, fccreacion, fcmodificacion, fceliminacion) VALUES (195, 'SC-4OO29B', 'Soporte de Software I #195', 94, true, CURRENT_TIMESTAMP(), CURRENT_TIMESTAMP(), NULL);
INSERT INTO proyecto (idproyecto, identificador, nombre, idgerencia, blactivo, fccreacion, fcmodificacion, fceliminacion) VALUES (196, 'SP-D4WH', 'Integración de Datos Core #196', 37, true, CURRENT_TIMESTAMP(), CURRENT_TIMESTAMP(), NULL);
INSERT INTO proyecto (idproyecto, identificador, nombre, idgerencia, blactivo, fccreacion, fcmodificacion, fceliminacion) VALUES (197, 'SC-KT4ZHU6', 'Migración de ERP Delta #197', 17, true, CURRENT_TIMESTAMP(), CURRENT_TIMESTAMP(), NULL);
INSERT INTO proyecto (idproyecto, identificador, nombre, idgerencia, blactivo, fccreacion, fcmodificacion, fceliminacion) VALUES (198, 'SC-0S5THMD', 'Actualización de Software 2024 #198', 12, true, CURRENT_TIMESTAMP(), CURRENT_TIMESTAMP(), NULL);
INSERT INTO proyecto (idproyecto, identificador, nombre, idgerencia, blactivo, fccreacion, fcmodificacion, fceliminacion) VALUES (199, 'SP-BZ903O4', 'Implementación de Software C #199', 62, true, CURRENT_TIMESTAMP(), CURRENT_TIMESTAMP(), NULL);
INSERT INTO proyecto (idproyecto, identificador, nombre, idgerencia, blactivo, fccreacion, fcmodificacion, fceliminacion) VALUES (200, 'SP-4P5SF', 'Rediseño de UX III #200', 44, true, CURRENT_TIMESTAMP(), CURRENT_TIMESTAMP(), NULL);
INSERT INTO proyecto (idproyecto, identificador, nombre, idgerencia, blactivo, fccreacion, fcmodificacion, fceliminacion) VALUES (201, 'SP-RGYOF4', 'Auditoría de Infraestructura I #201', 72, true, CURRENT_TIMESTAMP(), CURRENT_TIMESTAMP(), NULL);
INSERT INTO proyecto (idproyecto, identificador, nombre, idgerencia, blactivo, fccreacion, fcmodificacion, fceliminacion) VALUES (202, 'SC-JHONAE', 'Transformación de Redes Quantum #202', 97, true, CURRENT_TIMESTAMP(), CURRENT_TIMESTAMP(), NULL);
INSERT INTO proyecto (idproyecto, identificador, nombre, idgerencia, blactivo, fccreacion, fcmodificacion, fceliminacion) VALUES (203, 'SP-E20RP0Q', 'Migración de Base de Datos 2025 #203', 29, true, CURRENT_TIMESTAMP(), CURRENT_TIMESTAMP(), NULL);

-- 7. Sincronizar secuencias para H2 (Identity Columns)
ALTER TABLE proyecto ALTER COLUMN idproyecto RESTART WITH 204;
ALTER TABLE gerencia ALTER COLUMN idgerencia RESTART WITH 104;
ALTER TABLE modulo ALTER COLUMN idmodulo RESTART WITH 4;
ALTER TABLE subvista ALTER COLUMN idsubvista RESTART WITH 6;
ALTER TABLE usuario ALTER COLUMN idusuario RESTART WITH 502;

